"","Moderately Protected","Not Protected","Poorly Protected","Well Protected","realm"
"1",452717.823,14796.3439,2830.32,4894.156096,"Sub-Antarctic"
"2",35958.28599,19298.48966,20977.31725,7135.515079,"Coastal"
"3",1254.27593377456,186.476053243804,552.48511693598,1.26392381302028,"Estuarine"
"4",63220.2141625951,882687.189290985,941019.505915793,27425.5116220478,"Marine"
"5",90.09262166,18425.31626,7430.407617,420.8805205,"Wetland"
"6",12.2974509581882,45.9651766350973,115.930165499158,5.33094525225908,"River"
"7",167521.3052,233379.7856,468453.248,111590.6772,"Terrestrial"
