"","Well Protected","Moderately Protected","Poorly Protected","Not Protected","realm"
"1",4894.156096,452717.823,2830.32,14796.3439,"Sub-Antarctic"
"2",7135.515079,35958.28599,20977.31725,19298.48966,"Coastal"
"3",1.26392381302028,1254.27593377456,552.48511693598,186.476053243804,"Estuarine"
"4",27425.5116220478,63220.2141625951,941019.505915793,882687.189290985,"Marine"
"5",1144.71668820518,2179.39237564289,17290.62692306,9138.90604152375,"Wetland"
"6",5330.94525225908,12297.4509581882,115930.165499158,45965.1766350973,"River"
"7",111590.6772,167521.3052,468453.248,233379.7856,"Terrestrial"
