"","realm","pct_TH"
"1","Sub-Antarctic",17.6470588235294
"2","Coastal",67.8947368421053
"3","Estuarine",90.9090909090909
"4","Marine",44.7852760736196
"5","Wetland",62.5
"6","River",65.3153153153153
"7","Terrestrial",30.4535637149028
"8","Overall",48.0408858603066
