"","Critically Endangered","Endangered","Vulnerable","Least Concern","realm"
"1",0,272.264,9749.36,465217.019,"Sub-Antarctic"
"2",4281.57865,13436.82613,28576.2517,37074.9515,"Coastal"
"3",28.1520198774511,1232.5482602917,177.602812917595,556.197934680613,"Estuarine"
"4",4995.76589528585,17747.4552205148,64183.0017023575,1827426.19817326,"Marine"
"5",21721.35858,397.419102,1140.03849,3113.380854,"Wetland"
"6",39.1920858246954,60737.4475614444,10325.1465019813,108421.952195452,"River"
"7",9175.1508,70047.4372,30431.9964,871290.4316,"Terrestrial"
