"","realm","Critically Endangered","Endangered","Vulnerable","Least Concern","Total"
"1","Sub-Antarctic",0,272.264,9749.36,465217.019,475238.643
"2","Coastal",4281.57865,13436.82613,28576.2517,37074.9515,83369.60798
"3","Estuarine",28,1232,178,556,1994
"4","Marine",4995.76589528584,17747.4552205148,64183.0017023575,1827426.19817327,1914352.42099142
"5","Wetland",37,10932,4807,13977,29753
"6","River",39,60738,10325,108422,179524
"7","Terrestrial",9175.15,70047.44,30431.99,871290.43,980945.01
