"","Critically Endangered","Endangered","Vulnerable","Least Concern","realm"
"1",0,272.264,9749.36,465217.019,"Sub-Antarctic"
"2",7439.09061072309,19581.9738704175,9474.70178921634,42653.7237132556,"Coastal"
"3",28.1520198774511,1430.86425754722,518.157670869884,17.3270794728034,"Estuarine"
"4",4995.76589528585,17747.4552205148,64183.0017023575,1827426.19817326,"Marine"
"5",5744.14840042173,4191.44762706109,995.490139462027,18822.555861487,"Wetland"
"6",89916.9935053103,44456.6773368823,1496.79799360627,43653.2695089037,"River"
"7",9175.1508,70047.4372,30431.9964,871290.4316,"Terrestrial"
