"","Critically Endangered","Endangered","Least Concern","Vulnerable","realm"
"1",0,272.264,465217.019,9749.36,"Sub-Antarctic"
"2",4281.57865,13436.82613,37074.9515,28576.2517,"Coastal"
"3",28.1520198774511,1232.5482602917,556.197934680613,177.602812917595,"Estuarine"
"4",4995.76589528585,17747.4552205148,1827426.19817326,64183.0017023575,"Marine"
"5",21721.35858,397.419102,3113.380854,1140.03849,"Wetland"
"6",0.0391920858246954,60.7374475614444,108.421952195452,10.3251465019813,"River"
"7",9175.1508,70047.4372,871290.4316,30431.9964,"Terrestrial"
